{"Zoom":0.9,"PlotArea":[[-0.040277777777777787,-0.15277777777777779,-0.15277777777777779],[0.26527777777777778,0.15277777777777779,0.15277777777777779]],"Rotation":[0,0,0,5],"RotationOrigin":[0,0,0,0.05],"Translation":[0,0,0,0.05]}